{"-1390": 0, "-1391": 0, "-1392": 0, "-1393": 0, "-1394": 0.09554140127388536, "-1395": 0, "-1396": 0, "-1397": 0, "-1398": 0, "-1399": 0, "-1400": 0, "-1401": 0, "-1402": 0, "-1403": 0, "-1404": 1.736842105263158, "-1405": 0, "-1406": 0, "-1407": 0, "-1408": 8.923076923076923, "-1409": 0, "-1410": 0, "-1411": 0, "-1412": 0, "-1413": 0.4375, "-1414": 0, "-1415": 0, "-1416": 0, "-1417": 0, "-1418": 0, "-1419": 0, "-1420": 0, "-1421": 0, "-1422": 0, "-1423": 0, "-1424": 0, "-1425": 1.86, "-1426": 0, "-1427": 0, "-1427.662": 0, "-1427.696": 0, "-1428": 0, "-1430": 0, "-1431": 0, "-1432": 0, "-1433": 22.93577981651376, "-1434": 0, "-1435": 19.79850746268657, "-1436": 0, "-1437": 0, "-1438": 0, "-1439": 0, "-1440": 0, "-1441": 0, "-1442": 0, "-1443": 0, "-1444": 0, "-1445": 0, "-1446": 0, "-1447": 0, "-1448": 0, "-1449": 0, "-1450": 0, "-1451": 0, "-1452": 5.813664596273292, "-1455": 0, "-1456": 0, "-1457": 0, "-1458": 0, "-1459": 0, "-1460": 0, "-1461": 0, "-1462": 0, "-1463": 0, "-1464": 112.78915662650603, "-1465": 0, "-1466": 0, "-1467": 0, "-1468": 0, "-1470": 0, "-1471": 79.49709639953542, "-1472": 0, "-1473": 0, "-1474": 0, "-1476": 0, "-1477": 0, "-1478": 0, "-1479": 0, "-1480": 0, "-1481": 0, "-1482": 0, "-1483": 0, "-1485": 0, "-1486": 0, "-1487": 0, "-1488": 0, "-1489": 0, "-1490": 0, "-1491": 0, "-1492": 0, "-1493": 0, "-1494": 0, "-1495": 0, "-1496": 0, "-1497": 0, "-1498": 0, "-1499": 0, "-1500": 0, "-1501": 0, "-1502": 0, "-1504": 0.011661807580174927, "-1505": 0, "-1506": 0, "-1507": 0, "-1508": 0, "-1509": 0, "-1510": 19.785714285714285, "-1511": 0.5, "-1512": 0, "-1513": 7.7708978328173375, "-1515": 0, "-1516": 0, "-1517": 2.517857142857143, "-1518": 0, "-1519": 0, "-1520": 0, "-1521": 10.729166666666666, "-1522": 0, "-1523": 0, "-1524": 12.172413793103448, "-1525": 0, "-1526": 0, "-1527": 0, "-1528": 0, "-1529": 0, "-1530": 0, "-1531": 0, "-1532": 0, "-1533": 0, "-1534": 0, "-1535": 0, "-1536": 0, "-1537": 5.68348623853211, "-1538": 0, "-1539": 0, "-1540": 0, "-1541": 26.551724137931036, "-1542": 0, "-1543": 0, "-1544": 16.42894056847545, "-1545": 0, "-1546": 0, "-1547": 0, "-1548": 9.150943396226415, "-1549": 0.013157894736842105, "-1550": 0.34782608695652173, "-1551": 0, "-1552": 0, "-1553": 0, "-1554": 0, "-1555": 0, "-1556": 0, "-1557": 0, "-1558": 51.352112676056336, "-1559": 0, "-1560": 17.086614173228348, "-1561": 26.160377358490567, "-1562": 22.520833333333332, "-1563": 20.368038740920095, "-1564": 0, "-1566": 0, "-1567": 1.407960199004975, "-1568": 0, "-1569": 0, "-1570": 0, "-1571": 0, "-1572": 63.360759493670884, "-1573": 0, "-1574": 0, "-1575": 0, "-1576": 0, "-1577": 0, "-1578": 0, "-1579": 0.7565217391304347, "-1580": 0, "-1581": 0, "-1583": 0, "-1584": 1.1666666666666667, "-1585": 0, "-1586": 0, "-1587": 0, "-1588": 0, "-1589": 0, "-1591": 108.06896551724138, "-1592": 0, "-1593": 0, "-1594": 8.0, "-1595": 0, "-1596": 0, "-1597": 0, "-1598": 0, "-1599": 0, "-1600": 0, "-1601": 0, "-1602": 13.784899034240562, "-1603": 0, "-1604": 0, "-1605": 0, "-1606": 0, "-1607": 0, "-1608": 0, "-1608.38": 0, "-1609": 0, "-1610": 0, "-1612": 0, "-1613": 0, "-1614": 0, "-1615": 0, "-1616": 0, "-1617": 30.70747562296858, "-1618": 0, "-1619": 0, "-1621": 0, "-1622": 0, "-1623": 0, "-1623.244": 0, "-1624": 0.15492957746478872, "-1625": 0, "-1626": 0, "-1627": 0, "-1628": 0, "-1629": 0, "-1630": 0, "-1631": 121.51209677419355, "-1632": 0, "-1633": 0, "-1634": 0, "-1635": 0, "-1636": 0, "-1637": 0.022727272727272728, "-1638": 0.5698924731182796, "-1639": 0, "-1640": 0, "-1641": 0, "-1642": 0, "-1643": 0, "-1644": 0, "-1645": 0, "-1646": 0, "-1647": 0, "-1648": 0, "-1649": 0, "-1650": 0, "-1651": 0, "-1652": 0, "-1653": 131.0, "-1654": 0, "-1655": 0, "-1656": 0, "-1657": 0, "-1658": 0, "-1661": 131.0, "-1662": 0, "-1663": 21.3665, "-1664": 12.333333333333334, "-1665": 2.5987654320987654, "-1666": 3.9482758620689653, "-1667": 0, "1427": 131.0, "1427.662": 0, ":100_0": 0, ":100_3": 0, ":101_0": 0, ":101_1": 0, ":101_2": 0, ":101_3": 0, ":102_0": 0, ":102_3": 1.1458333333333333, ":103_0": 0, ":103_2": 0, ":105_0": 0, ":106_0": 0, ":107_0": 0, ":108_0": 0, ":108_2": 0, ":109_0": 0, ":109_2": 0, ":10_0": 0, ":10_2": 0, ":10_5": 0, ":10_6": 0, ":110_0": 0, ":111_0": 0, ":111_2": 65.11320754716981, ":111_4": 0, ":111_5": 101.01449275362319, ":111_7": 0, ":111_8": 106.5137614678899, ":112_0": 0, ":112_2": 0, ":113_0": 0, ":113_2": 0, ":114_0": 0, ":114_2": 0, ":115_0": 0, ":115_2": 0, ":116_0": 0, ":116_2": 0, ":117_0": 0, ":117_2": 0, ":118_0": 0, ":118_2": 54.59151193633952, ":119_0": 0, ":119_2": 8.162790697674419, ":119_4": 0, ":119_5": 17.333333333333332, ":11_0": 0, ":120_0": 0, ":120_2": 27.9, ":120_4": 0, ":120_5": 0, ":122_0": 0, ":122_2": 0, ":123_0": 0, ":124_0": 0, ":124_3": 0, ":125_0": 0, ":125_3": 0.025, ":127_0": 0, ":127_3": 52.054054054054056, ":128_0": 0, ":128_3": 0, ":129_0": 0, ":129_3": 0, ":12_0": 0, ":12_2": 0, ":12_5": 0, ":130_0": 0, ":131_0": 0, ":132_0": 113.04255319148936, ":132_3": 0, ":13_0": 0, ":13_2": 0, ":13_3": 0, ":13_5": 0, ":14_0": 0, ":14_2": 0, ":14_4": 0, ":14_5": 0, ":15_0": 0, ":16_0": 0, ":16_10": 0, ":16_11": 0, ":16_12": 0, ":16_14": 0, ":16_15": 0, ":16_16": 0, ":16_17": 0, ":16_2": 0, ":16_3": 0, ":16_4": 0, ":16_6": 0, ":16_7": 0, ":16_8": 0, ":17_0": 0, ":17_2": 0, ":18_0": 0, ":18_2": 0, ":18_3": 1.0333333333333334, ":18_5": 5.410256410256411, ":18_7": 0, ":19_0": 0, ":19_2": 0, ":19_3": 0, ":19_5": 22.714285714285715, ":19_6": 0, ":19_8": 0, ":19_9": 0, ":1_0": 0, ":1_2": 0, ":1_3": 3.0869565217391304, ":1_5": 0, ":1_6": 0, ":20_0": 0, ":20_2": 0, ":20_4": 0, ":20_6": 0, ":21_0": 0, ":22_0": 0, ":22_2": 0, ":22_3": 0, ":22_5": 16.56497175141243, ":22_7": 0, ":23_0": 3.6666666666666665, ":23_2": 0, ":23_4": 0, ":23_5": 0, ":23_6": 0, ":24_0": 0, ":24_2": 0, ":24_3": 0, ":24_5": 0, ":24_6": 0, ":25_0": 0, ":25_2": 4.0, ":25_3": 0, ":26_0": 0, ":26_2": 0, ":26_5": 0, ":27_0": 0, ":27_1": 0, ":27_2": 0, ":27_4": 0, ":27_5": 0, ":27_6": 0, ":28_0": 0, ":29_0": 0, ":29_2": 0, ":29_3": 0, ":29_5": 0, ":29_6": 0, ":30_0": 0, ":31_0": 0, ":31_2": 0, ":32_0": 0, ":32_3": 0, ":32_4": 0, ":33_0": 0, ":33_2": 0, ":33_4": 0, ":34_0": 0, ":34_10": 62.54545454545455, ":34_11": 0, ":34_2": 0, ":34_3": 0, ":34_5": 0, ":34_6": 0, ":34_8": 35.077922077922075, ":34_9": 0, ":35_0": 0, ":35_10": 0, ":35_11": 1.25, ":35_12": 0, ":35_14": 0, ":35_15": 0, ":35_2": 0, ":35_4": 0, ":35_6": 0, ":35_8": 0, ":37_0": 0, ":38_0": 0, ":38_2": 0, ":38_4": 0, ":38_5": 0, ":39_0": 0, ":39_2": 0, ":39_3": 5.173913043478261, ":39_5": 0, ":39_6": 0, ":3_0": 0, ":3_2": 0, ":3_3": 0, ":3_5": 0, ":40_0": 0, ":40_10": 0, ":40_11": 0, ":40_2": 0, ":40_3": 0, ":40_5": 120.27586206896552, ":40_6": 0, ":40_8": 0, ":40_9": 0, ":41_0": 0, ":41_2": 0, ":41_3": 0, ":41_5": 0, ":41_6": 0, ":41_7": 0, ":42_0": 0, ":43_0": 0, ":45_0": 0, ":45_2": 0, ":45_4": 0, ":45_5": 0, ":46_0": 0, ":46_10": 0, ":46_2": 0, ":46_3": 0, ":46_4": 0, ":46_6": 0, ":46_7": 0, ":46_9": 0, ":47_0": 0, ":47_1": 0, ":48_0": 0, ":48_2": 0, ":48_4": 0, ":48_5": 0, ":49_0": 0, ":49_2": 0, ":49_3": 0, ":49_4": 0, ":49_6": 0, ":4_0": 0, ":4_2": 0, ":4_3": 0, ":4_5": 0, ":4_6": 0, ":50_0": 0, ":50_2": 0, ":50_3": 119.52439024390245, ":50_5": 0, ":50_6": 0, ":50_8": 0, ":51_0": 0, ":52_0": 0, ":53_0": 0, ":53_2": 0, ":54_0": 0, ":54_2": 0, ":54_3": 0, ":55_0": 0, ":55_2": 0, ":55_3": 0, ":55_5": 0, ":55_6": 0, ":56_0": 0, ":56_2": 0, ":56_4": 0, ":56_5": 0, ":57_0": 0, ":57_2": 0, ":58_0": 0, ":58_3": 69.06802721088435, ":58_6": 0, ":58_7": 114.29247311827957, ":58_8": 87.55434782608695, ":59_0": 0, ":59_2": 1.6666666666666667, ":59_3": 0, ":59_5": 0, ":59_6": 0, ":59_7": 0, ":5_0": 0, ":62_0": 0, ":63_0": 0, ":63_2": 0, ":63_4": 0, ":63_5": 0, ":64_0": 0, ":65_0": 0, ":65_2": 0, ":66_0": 0, ":66_2": 0, ":67_0": 0, ":67_10": 0, ":67_11": 0, ":67_2": 0, ":67_3": 0, ":67_5": 0, ":67_6": 0, ":67_7": 0, ":67_9": 0, ":68_0": 0, ":68_3": 0, ":69_0": 0, ":69_2": 0, ":69_3": 0, ":69_5": 0,