{"-1390": 0, "-1391": 1.2273101800157586, "-1392": 0, "-1393": 0, "-1394": 1.2133978593751769, "-1395": 0, "-1396": 0, "-1397": 0, "-1398": 0, "-1399": 0, "-1400": 0, "-1401": 0, "-1402": 0, "-1403": 0, "-1404": 1.2460399205101667, "-1405": 0, "-1406": 0, "-1407": 0, "-1408": 0.8679475660607737, "-1409": 1.7073172442651972, "-1410": 1.4122374353311584, "-1411": 0, "-1412": 0, "-1413": 1.1414040202640403, "-1414": 1.7463177366173106, "-1415": 2.870479724722437, "-1416": 0, "-1417": 1.3082664915286137, "-1418": 0, "-1419": 1.8248459048258856, "-1420": 0, "-1421": 0.5805030866235048, "-1422": 0, "-1423": 0, "-1424": 0, "-1425": 1.1500806782271236, "-1426": 0, "-1427": 0, "-1427.662": 0, "-1427.696": 0, "-1428": 1.7976301650320208, "-1430": 0, "-1431": 0, "-1432": 1.2175081872481133, "-1433": 0.9520839195911315, "-1434": 1.1283318358790055, "-1435": 1.0465973629786431, "-1436": 0, "-1437": 2.078300572166807, "-1438": 0, "-1439": 1.1283318358790055, "-1440": 0, "-1441": 0, "-1442": 0, "-1443": 0, "-1444": 0, "-1445": 0, "-1446": 0, "-1447": 0, "-1448": 0, "-1449": 0, "-1450": 0, "-1451": 0, "-1452": 0.9020745606429195, "-1455": 1.278093300763135, "-1456": 1.9624841747371435, "-1457": 0, "-1458": 0, "-1459": 0, "-1460": 0, "-1461": 0, "-1462": 0, "-1463": 0, "-1464": 1.101343911225591, "-1465": 0, "-1466": 2.669752908235721, "-1467": 0, "-1468": 0, "-1470": 0, "-1471": 1.085397883105997, "-1472": 1.5559003348955502, "-1473": 0, "-1474": 0, "-1476": 0, "-1477": 0, "-1478": 0, "-1479": 0, "-1480": 0, "-1481": 0, "-1482": 1.1283318358790055, "-1483": 0, "-1485": 0, "-1486": 2.115185209265326, "-1487": 0, "-1488": 0, "-1489": 0, "-1490": 0, "-1491": 0, "-1492": 1.1283318358790055, "-1493": 0, "-1494": 1.1283318358790055, "-1495": 0, "-1496": 0, "-1497": 0, "-1498": 0, "-1499": 1.1283318358790055, "-1500": 0, "-1501": 0, "-1502": 0, "-1504": 1.2663770690420229, "-1505": 1.8659489312311488, "-1506": 0, "-1507": 1.005664865210233, "-1508": 1.4686360949089103, "-1509": 1.1042385005652584, "-1510": 0.9388293749921476, "-1511": 0, "-1512": 1.1283318358790055, "-1513": 1.210481109345376, "-1515": 2.1147338215642106, "-1516": 1.4080278850990657, "-1517": 0.8267961386505537, "-1518": 0, "-1519": 0, "-1520": 0, "-1521": 0.9167696166516915, "-1522": 1.2337530046211282, "-1523": 1.0442732249824778, "-1524": 0.9806737313969277, "-1525": 1.3290896913619128, "-1526": 0, "-1527": 0, "-1528": 0, "-1529": 1.868664648268655, "-1530": 0, "-1531": 1.7188826453387995, "-1532": 1.3090632052803801, "-1533": 1.3806550133597268, "-1534": 1.303736226874613, "-1535": 0, "-1536": 0, "-1537": 0.8041814735463502, "-1538": 0, "-1539": 0, "-1540": 2.2496868403123784, "-1541": 1.0116078528570385, "-1542": 0, "-1543": 1.9543253069766777, "-1544": 0.903881310160485, "-1545": 1.8269669827252504, "-1546": 1.6015483104096966, "-1547": 1.9176445961133048, "-1548": 0.783881101420568, "-1549": 2.0027529028795077, "-1550": 0.5143295890419475, "-1551": 1.9094407156680084, "-1552": 0, "-1553": 1.732324299180724, "-1554": 1.574893478666827, "-1555": 1.6186300649524032, "-1556": 0, "-1557": 1.2465223908058354, "-1558": 1.0111261402974594, "-1559": 0.752221223919337, "-1560": 0.9405930833435245, "-1561": 0.9686621784373732, "-1562": 1.0107972696416085, "-1563": 0.9313816234585978, "-1564": 1.7709552154361539, "-1566": 0, "-1567": 0.7684230541265618, "-1568": 0.9258281444386928, "-1569": 1.1645208814962462, "-1570": 1.7653042694593977, "-1571": 0, "-1572": 1.0646309881464358, "-1573": 0, "-1574": 0, "-1575": 2.080026995237646, "-1576": 1.4447576024441702, "-1577": 2.537308237327333, "-1578": 1.1283318358790055, "-1579": 0.9779322120956069, "-1580": 0, "-1581": 0, "-1583": 0, "-1584": 0.39761452985330253, "-1585": 0, "-1586": 0, "-1587": 1.3850071052259372, "-1588": 1.1283318358790055, "-1589": 1.6812014487121414, "-1591": 1.1256482901137173, "-1592": 1.7707699786197058, "-1593": 1.3646969433628613, "-1594": 0.8865464424763614, "-1595": 1.4460809542672406, "-1596": 0.8820200559942836, "-1597": 1.0577846234097092, "-1598": 1.0337645107750244, "-1599": 0.809029727961475, "-1600": 1.0078669183293056, "-1601": 0.782471205445636, "-1602": 0.85643534640893, "-1603": 0, "-1604": 0, "-1605": 0, "-1606": 2.00616209263123, "-1607": 0.7970543912334673, "-1608": 0, "-1608.38": 0, "-1609": 0, "-1610": 0, "-1612": 1.078163445666324, "-1613": 0, "-1614": 0.6842794022297216, "-1615": 1.7718383025965665, "-1616": 0.7153243467910544, "-1617": 1.050998581953721, "-1618": 0.8238328087236841, "-1619": 0, "-1621": 0, "-1622": 0, "-1623": 1.0744645278575302, "-1623.244": 0.678057024536956, "-1624": 0.5754689584104415, "-1625": 0, "-1626": 1.9523698883734626, "-1627": 0.7787431206973926, "-1628": 1.9653667154695011, "-1629": 0, "-1630": 1.107867042458447, "-1631": 1.1068526280196354, "-1632": 0, "-1633": 1.045282926069319, "-1634": 1.7204994897465842, "-1635": 0, "-1636": 0, "-1637": 1.8148778881707217, "-1638": 0.9512173090006911, "-1639": 0, "-1640": 0, "-1641": 0, "-1642": 0, "-1643": 2.1753802633423893, "-1644": 2.1018273251048605, "-1645": 0, "-1646": 0, "-1647": 1.1283318358790055, "-1648": 0, "-1649": 0, "-1650": 0, "-1651": 1.4082106381536386, "-1652": 0, "-1653": 1.1283318358790084, "-1654": 0, "-1655": 0, "-1656": 0, "-1657": 0, "-1658": 0, "-1661": 1.1283318358790084, "-1662": 0, "-1663": 0.9281451657955329, "-1664": 1.1200800160797795, "-1665": 1.050445214752131, "-1666": 0.8560008251391257, "-1667": 0, "1427": 1.1283318358790084, "1427.662": 0, ":100_0": 0.4078672109837924, ":100_3": 1.2567152552102958, ":101_0": 0, ":101_1": 1.490007112811406, ":101_2": 2.8610291729578856, ":101_3": 1.6310726980959303, ":102_0": 1.0301441396103532, ":102_3": 1.2683421313635914, ":103_0": 0, ":103_2": 0, ":105_0": 0, ":106_0": 0, ":107_0": 0, ":108_0": 0, ":108_2": 0, ":109_0": 0, ":109_2": 0, ":10_0": 0, ":10_2": 0, ":10_5": 0, ":10_6": 0, ":110_0": 0, ":111_0": 0, ":111_2": 1.060206115236358, ":111_4": 0, ":111_5": 1.090175659259839, ":111_7": 0, ":111_8": 1.0972768312217878, ":112_0": 0, ":112_2": 0, ":113_0": 0, ":113_2": 0, ":114_0": 0, ":114_2": 0, ":115_0": 0, ":115_2": 0, ":116_0": 1.2400771672702753, ":116_2": 0, ":117_0": 0, ":117_2": 0, ":118_0": 0, ":118_2": 1.0032384721199716, ":119_0": 0.6858112242015993, ":119_2": 1.0711601441161784, ":119_4": 0, ":119_5": 0.8925460631337235, ":11_0": 0, ":120_0": 1.5950518828581597, ":120_2": 1.028656274999698, ":120_4": 0, ":120_5": 1.4828620467379254, ":122_0": 0, ":122_2": 0, ":123_0": 3.408338167792788, ":124_0": 1.1299850024150524, ":124_3": 1.7699788919610993, ":125_0": 1.4474786845953969, ":125_3": 1.366249873832019, ":127_0": 0, ":127_3": 1.07161845570729, ":128_0": 0, ":128_3": 0, ":129_0": 0, ":129_3": 0, ":12_0": 1.6292895385784822, ":12_2": 1.0220054134570988, ":12_5": 0.5663792354044233, ":130_0": 1.1473197244898525, ":131_0": 1.0135545933964345, ":132_0": 1.0870610829600609, ":132_3": 0, ":13_0": 0.6231442576420388, ":13_2": 0, ":13_3": 0.24840309175310687, ":13_5": 0, ":14_0": 1.061875516922151, ":14_2": 0, ":14_4": 0, ":14_5": 1.7817487074535212, ":15_0": 0, ":16_0": 0, ":16_10": 0, ":16_11": 0, ":16_12": 0, ":16_14": 3.637602581987472, ":16_15": 1.8727254326105063, ":16_16": 2.016087562815416, ":16_17": 0, ":16_2": 1.9168904223690113, ":16_3": 0, ":16_4": 0, ":16_6": 2.5267065315128967, ":16_7": 2.0104692157858537, ":16_8": 0, ":17_0": 0.31916505735060463, ":17_2": 0, ":18_0": 1.3498743035038232, ":18_2": 0, ":18_3": 0.5837272239404807, ":18_5": 0.7833906927413613, ":18_7": 0, ":19_0": 1.2634610247469422, ":19_2": 0, ":19_3": 0, ":19_5": 1.025051448684733, ":19_6": 1.0701452493742665, ":19_8": 0.8332283509732589, ":19_9": 1.0097726670106488, ":1_0": 1.033942664934787, ":1_2": 0.1127895615419742, ":1_3": 0.24528952953891422, ":1_5": 0, ":1_6": 1.98237429658935, ":20_0": 1.5947262074624486, ":20_2": 2.012524958711617, ":20_4": 1.6664573981096584, ":20_6": 0, ":21_0": 0.3284033838202525, ":22_0": 1.4844641284696798, ":22_2": 1.4645631996564406, ":22_3": 0,