{"-1390": 0, "-1391": 2855.161834044009, "-1392": 0, "-1393": 0, "-1394": 2822.783746337688, "-1395": 0, "-1396": 0, "-1397": 0, "-1398": 0, "-1399": 0, "-1400": 0, "-1401": 0, "-1402": 0, "-1403": 0, "-1404": 2898.686505106905, "-1405": 0, "-1406": 0, "-1407": 0, "-1408": 2019.0170940170933, "-1409": 3971.807999959252, "-1410": 3285.257610075649, "-1411": 0, "-1412": 0, "-1413": 2655.28394523322, "-1414": 4062.510400122641, "-1415": 6677.7778616239175, "-1416": 0, "-1417": 3043.4752039875975, "-1418": 0, "-1419": 4245.207491578396, "-1420": 0, "-1421": 1350.450291614816, "-1422": 0, "-1423": 0, "-1424": 0, "-1425": 2675.446729589964, "-1426": 0, "-1427": 0, "-1427.662": 0, "-1427.696": 0, "-1428": 4181.8959171338765, "-1430": 0, "-1431": 0, "-1432": 2832.3544038717223, "-1433": 2214.7379718303387, "-1434": 2624.722222222222, "-1435": 2434.624610788652, "-1436": 0, "-1437": 4834.817277719447, "-1438": 0, "-1439": 2624.722222222222, "-1440": 0, "-1441": 0, "-1442": 0, "-1443": 0, "-1444": 0, "-1445": 0, "-1446": 0, "-1447": 0, "-1448": 0, "-1449": 0, "-1450": 0, "-1451": 0, "-1452": 2098.505355288904, "-1455": 2973.1743845203473, "-1456": 4565.360758546106, "-1457": 0, "-1458": 0, "-1459": 0, "-1460": 0, "-1461": 0, "-1462": 0, "-1463": 0, "-1464": 2561.950912334234, "-1465": 0, "-1466": 6210.765444383107, "-1467": 0, "-1468": 0, "-1470": 0, "-1471": 2524.8616157415513, "-1472": 3619.554875056859, "-1473": 0, "-1474": 0, "-1476": 0, "-1477": 0, "-1478": 0, "-1479": 0, "-1480": 0, "-1481": 0, "-1482": 2624.722222222222, "-1483": 0, "-1485": 0, "-1486": 4920.678534805525, "-1487": 0, "-1488": 0, "-1489": 0, "-1490": 0, "-1491": 0, "-1492": 2624.722222222222, "-1493": 0, "-1494": 2624.722222222222, "-1495": 0, "-1496": 0, "-1497": 0, "-1498": 0, "-1499": 2624.722222222222, "-1500": 0, "-1501": 0, "-1502": 0, "-1504": 2946.0298485731687, "-1505": 4340.7775122539715, "-1506": 0, "-1507": 2339.5389491073242, "-1508": 3416.4393193995093, "-1509": 2568.832693616302, "-1510": 2183.903149211495, "-1511": 0, "-1512": 2624.722222222222, "-1513": 2815.9331756743422, "-1515": 4919.656060184641, "-1516": 3275.4330952218306, "-1517": 1923.3717827098112, "-1518": 0, "-1519": 0, "-1520": 0, "-1521": 2132.586805555554, "-1522": 2870.1545023607946, "-1523": 2429.336340908104, "-1524": 2281.248605601587, "-1525": 3091.9292656783186, "-1526": 0, "-1527": 0, "-1528": 0, "-1529": 4347.1744830534535, "-1530": 0, "-1531": 3998.706489985224, "-1532": 3045.3524331486715, "-1533": 3211.9143675353844, "-1534": 3032.9582092618057, "-1535": 0, "-1536": 0, "-1537": 1870.7190121548037, "-1538": 0, "-1539": 0, "-1540": 5233.558694690696, "-1541": 2353.1992337164734, "-1542": 0, "-1543": 4546.40723040865, "-1544": 2102.6351483903572, "-1545": 4250.167741470739, "-1546": 3725.7826709473493, "-1547": 4461.083134655764, "-1548": 1823.4969724134774, "-1549": 4659.117287558317, "-1550": 1196.487273697358, "-1551": 4442.0256299133825, "-1552": 0, "-1553": 4030.0033117738235, "-1554": 3663.772232853623, "-1555": 3765.531895393708, "-1556": 0, "-1557": 2899.8452373595164, "-1558": 2352.0840447125183, "-1559": 1749.8148148148148, "-1560": 2188.059156623582, "-1561": 2253.2991312761837, "-1562": 2351.3136574074056, "-1563": 2166.585578052683, "-1564": 4119.8444647645665, "-1566": 0, "-1567": 1787.5865475073895, "-1568": 2153.800479753161, "-1569": 2709.0896985456225, "-1570": 4106.713253377094, "-1571": 0, "-1572": 2476.5564617540163, "-1573": 0, "-1574": 0, "-1575": 4838.887799920979, "-1576": 3361.037023387939, "-1577": 5902.722651253524, "-1578": 2624.722222222222, "-1579": 2274.9943372733906, "-1580": 0, "-1581": 0, "-1583": 0, "-1584": 924.9541611303591, "-1585": 0, "-1586": 0, "-1587": 3221.8716931974777, "-1588": 2624.722222222222, "-1589": 3911.0395704469133, "-1591": 2618.4982537967744, "-1592": 4119.383649678933, "-1593": 3174.7758122728637, "-1594": 2062.2817460317447, "-1595": 3364.1062005644158, "-1596": 2051.8906837165327, "-1597": 2460.7733298152057, "-1598": 2404.904759109691, "-1599": 1882.0854069133477, "-1600": 2344.6482799680807, "-1601": 1820.2865996807268, "-1602": 1992.27109548795, "-1603": 0, "-1604": 0, "-1605": 0, "-1606": 4667.084223312936, "-1607": 1854.2221394610287, "-1608": 0, "-1608.38": 0, "-1609": 0, "-1610": 0, "-1612": 2525.0156329666374, "-1613": 0, "-1614": 1591.844311945425, "-1615": 4121.909838111543, "-1616": 1664.0588582574785, "-1617": 2444.859378422482, "-1618": 1916.520405508294, "-1619": 0, "-1621": 0, "-1622": 0, "-1623": 2499.5590539302134, "-1623.244": 1577.3851318748907, "-1624": 1338.7386902564936, "-1625": 0, "-1626": 4541.852147536271, "-1627": 1811.637157934264, "-1628": 4572.157243070709, "-1629": 0, "-1630": 2577.3132635956804, "-1631": 2574.7579796053556, "-1632": 0, "-1633": 2431.595830845479, "-1634": 4002.4614000452466, "-1635": 0, "-1636": 0, "-1637": 4222.071141627237, "-1638": 2212.8579469811134, "-1639": 0, "-1640": 0, "-1641": 0, "-1642": 0, "-1643": 5060.685007630704, "-1644": 4889.584779047488, "-1645": 0, "-1646": 0, "-1647": 2624.722222222222, "-1648": 0, "-1649": 0, "-1650": 0, "-1651": 3275.9978554528584, "-1652": 0, "-1653": 2624.722222222237, "-1654": 0, "-1655": 0, "-1656": 0, "-1657": 0, "-1658": 0, "-1661": 2624.722222222237, "-1662": 0, "-1663": 2159.0805223013513, "-1664": 2605.5926695250487, "-1665": 2443.6441513013274, "-1666": 1991.2889786212077, "-1667": 0, "1427": 2624.722222222237, "1427.662": 0, ":100_0": 948.8273249019585, ":100_3": 2923.516347552354, ":101_0": 0, ":101_1": 3466.2550716213686, ":101_2": 6655.788501427456, ":101_3": 3794.4489100280625, ":102_0": 2396.4716155411506, ":102_3": 2950.5626960483078, ":103_0": 0, ":103_2": 0, ":105_0": 0, ":106_0": 0, ":107_0": 0, ":108_0": 0, ":108_2": 0, ":109_0": 0, ":109_2": 0, ":10_0": 0, ":10_2": 0, ":10_5": 0, ":10_6": 0, ":110_0": 0, ":111_0": 0, ":111_2": 2466.2483697730427, ":111_4": 0, ":111_5": 2535.9634355784265, ":111_7": 0, ":111_8": 2552.4821610601543, ":112_0": 0, ":112_2": 0, ":113_0": 0, ":113_2": 0, ":114_0": 0, ":114_2": 0, ":115_0": 0, ":115_2": 0, ":116_0": 2884.855756641041, ":116_2": 0, ":117_0": 0, ":117_2": 0, ":118_0": 0, ":118_2": 2333.733581460371, ":119_0": 1595.3742143721702, ":119_2": 2491.7872817982443, ":119_4": 0, ":119_5": 2076.243373887763, ":11_0": 0, ":120_0": 3710.582748590428, ":120_2": 2392.871025014505, ":120_4": 0, ":120_5": 3449.5847784011617, ":122_0": 0, ":122_2": 0, ":123_0": 7929.084928307772, ":124_0": 2628.700319444305, ":124_3": 4117.525962213312, ":125_0": 3367.31579657204, ":125_3": 3178.360618541783, ":127_0": 0, ":127_3": 2492.799797285236, ":128_0": 0, ":128_3": 0, ":129_0": 0, ":129_3": 0, ":12_0": 3790.2051447186045, ":12_2": 2377.5386179507054, ":12_5": 1317.582633691422, ":130_0": 2669.0048586992516, ":131_0": 2357.810197663292, ":132_0": 2528.719241238172, ":132_3": 0, ":13_0": 1449.6493576358096, ":13_2": 0, ":13_3": 577.8673046629731, ":13_5": 0, ":14_0": 2470.2984650272642, ":14_2": 0, ":14_4": 0, ":14_5": 4144.904388678337, ":15_0": 0, ":16_0": 0, ":16_10": 0, ":16_11": 0, ":16_12": 0, ":16_14": 8462.41977094234, ":16_15": 4356.541026553182, ":16_16": 4690.091513605902, ":16_17": 0, ":16_2": 4459.400818172833, ":16_3": 0, ":16_4": 0, ":16_6": 5878.013460719952, ":16_7": 4677.02598102199, ":16_8": 0, ":17_0": 742.4588396416607, ":17_2": 0, ":18_0": 3140.2508853412405, ":18_2": 0, ":18_3": 1357.9163247274303, ":18_5": 1822.3411889365618, ":18_7": 0, ":19_0": 2939.1738416642866, ":19_2": 0, ":19_3": 0, ":19_5": 2384.4899235152698, ":19_6": 2489.5006991828127, ":19_8": 1938.328505692039, ":19_9": 2349.0416616736816, ":1_0": 2405.3179961741125, ":1_2": 262.3785257790697, ":1_3": 570.5917874396135, ":1_5": 0, ":1_6": 4611.631371597349, ":20_0": 3709.8740316199874, ":20_2": 4681.8024741792005, ":20_4": 3876.6925761366974, ":20_6": 0, ":21_0": 763.9604054692788, ":22_0": 3453.3388806900857, ":22_2": 3407.042899060559, ":22_3": 0, ":22_5": 2436.9449430010477, ":22_7": 0, ":23_0": 1718.1500278670278,