{"-1390": 0, "-1391": 61.671410499683745, "-1392": 0, "-1393": 0, "-1394": 77.6982421875, "-1395": 0, "-1396": 0, "-1397": 0, "-1398": 0, "-1399": 0, "-1400": 0, "-1401": 0, "-1402": 0, "-1403": 0, "-1404": 49.81147540983606, "-1405": 0, "-1406": 0, "-1407": 0, "-1408": 108.01357466063348, "-1409": 0, "-1410": 0, "-1411": 0, "-1412": 0, "-1413": 9.166666666666666, "-1414": 0, "-1415": 0, "-1416": 0, "-1417": 0, "-1418": 0, "-1419": 0, "-1420": 0, "-1421": 1.5143769968051117, "-1422": 0, "-1423": 0, "-1424": 60.03839285714286, "-1425": 9.806122448979592, "-1426": 0, "-1427": 0, "-1427.662": 0, "-1427.696": 39.07517204870302, "-1428": 0, "-1430": 0, "-1431": 0, "-1432": 0, "-1433": 42.06194690265487, "-1434": 0, "-1435": 102.1414373088685, "-1436": 0, "-1437": 7.249146757679181, "-1438": 0, "-1439": 0, "-1440": 0, "-1441": 0, "-1442": 0, "-1443": 0, "-1444": 7.038647342995169, "-1445": 5.373809523809523, "-1446": 0, "-1447": 63.604966139954854, "-1448": 0, "-1449": 0, "-1450": 0, "-1451": 0, "-1452": 0.13135593220338984, "-1455": 0, "-1456": 62.97822931785196, "-1457": 0, "-1458": 0, "-1459": 0, "-1460": 0, "-1461": 5.757624078134343, "-1462": 0, "-1463": 0, "-1464": 0, "-1465": 0.02631578947368421, "-1466": 0, "-1467": 29.189264229523367, "-1468": 0, "-1470": 0, "-1471": 17.08947664603264, "-1472": 41.002985074626864, "-1473": 8.878378378378379, "-1474": 0, "-1476": 0, "-1477": 11.72542372881356, "-1478": 0, "-1479": 0, "-1480": 0, "-1481": 0, "-1482": 0.14285714285714285, "-1483": 4.642857142857143, "-1485": 2.0416666666666665, "-1486": 42.78690629011553, "-1487": 0, "-1488": 0, "-1489": 0, "-1490": 80.29729729729729, "-1491": 0, "-1492": 0.2222222222222222, "-1493": 55.7379679144385, "-1494": 1.2, "-1495": 67.18791946308725, "-1496": 0, "-1497": 63.93087557603687, "-1498": 0, "-1499": 0, "-1500": 0, "-1501": 1.4285714285714286, "-1502": 0, "-1504": 69.74483897605285, "-1505": 0, "-1506": 18.853846153846153, "-1507": 0, "-1508": 0, "-1509": 0, "-1510": 96.82710280373831, "-1511": 101.50485436893204, "-1512": 0.75, "-1513": 89.48341232227489, "-1515": 0, "-1516": 0, "-1517": 91.28440366972477, "-1518": 86.27312775330397, "-1519": 0.6666666666666666, "-1520": 0, "-1521": 8.526315789473685, "-1522": 0, "-1523": 1.1885245901639345, "-1524": 109.52654867256638, "-1525": 0, "-1526": 0, "-1527": 2.256849315068493, "-1528": 0, "-1529": 63.144539614561026, "-1530": 0, "-1531": 0, "-1532": 28.195928753180663, "-1533": 29.972045743329097, "-1534": 72.5179856115108, "-1535": 0, "-1536": 88.36199095022624, "-1537": 99.83773291925466, "-1538": 0, "-1539": 109.52654867256638, "-1540": 85.23157894736842, "-1541": 3.210526315789474, "-1542": 0.3333333333333333, "-1543": 0, "-1544": 94.08447488584476, "-1545": 76.04009433962264, "-1546": 4.792899408284024, "-1547": 74.55570291777188, "-1548": 92.50052854122622, "-1549": 11.204582651391162, "-1550": 4.493589743589744, "-1551": 76.78335301062573, "-1552": 72.15277777777777, "-1553": 56.14299242424242, "-1554": 0, "-1555": 82.30107003891051, "-1556": 0, "-1557": 0, "-1558": 110.51327433628319, "-1559": 0, "-1560": 87.36196319018404, "-1561": 3.0833333333333335, "-1562": 0.3333333333333333, "-1563": 107.30734966592428, "-1564": 0, "-1566": 0, "-1567": 86.4512676056338, "-1568": 0, "-1569": 0, "-1570": 7.54601226993865, "-1571": 81.16474820143885, "-1572": 98.26631079478055, "-1573": 0, "-1574": 0.07017543859649122, "-1575": 6.067930489731437, "-1576": 4.9140625, "-1577": 0, "-1578": 91.48858447488584, "-1579": 0, "-1580": 0, "-1581": 38.332480818414325, "-1583": 0, "-1584": 84.65116279069767, "-1585": 0, "-1586": 0, "-1587": 97.48484848484848, "-1588": 0, "-1589": 102.05723684210527, "-1591": 14.25231646471846, "-1592": 0, "-1593": 0, "-1594": 99.14084507042253, "-1595": 0, "-1596": 0, "-1597": 0, "-1598": 14.925373134328359, "-1599": 20.90743670886076, "-1600": 1.6319218241042346, "-1601": 43.22477064220183, "-1602": 67.50055617352614, "-1603": 0, "-1604": 94.42325581395349, "-1605": 98.63207547169812, "-1606": 36.243975903614455, "-1607": 1.2808219178082192, "-1608": 0, "-1608.38": 0, "-1609": 67.70046082949308, "-1610": 44.12019950124688, "-1612": 69.12238675958189, "-1613": 71.65641686613883, "-1614": 69.40402093087303, "-1615": 78.96579247434435, "-1616": 0, "-1617": 0.07339449541284404, "-1618": 0.12857142857142856, "-1619": 100.81163594470046, "-1621": 0, "-1622": 41.72152353575279, "-1623": 17.93384223918575, "-1623.244": 29.992335206949413, "-1624": 1.6407766990291262, "-1625": 0, "-1626": 75.46212121212122, "-1627": 9.905759162303665, "-1628": 0, "-1629": 32.606980273141126, "-1630": 31.510928961748633, "-1631": 3.8, "-1632": 3.6474358974358974, "-1633": 2.1052631578947367, "-1634": 0, "-1635": 55.09867172675522, "-1636": 5.06269592476489, "-1637": 36.925024342745864, "-1638": 3.8807106598984773, "-1639": 0, "-1640": 0, "-1641": 0, "-1642": 18.538317757009345, "-1643": 0, "-1644": 1.5689655172413792, "-1645": 20.596491228070175, "-1646": 71.57286012526096, "-1647": 0, "-1648": 0.75, "-1649": 0.25, "-1650": 0.9605263157894737, "-1651": 0, "-1652": 0, "-1653": 1.6666666666666667, "-1654": 0, "-1655": 0.3, "-1656": 0.038461538461538464, "-1657": 4.590909090909091, "-1658": 1.0, "-1661": 2.030338942877459, "-1662": 1.2600806451612903, "-1663": 78.23425455912765, "-1664": 91.04255319148936, "-1665": 103.04238258877434, "-1666": 104.48222424794895, "-1667": 0, "1427": 3.7610344827586206, "1427.662": 0, ":100_0": 0, ":100_3": 0, ":101_0": 0, ":101_1": 0.07692307692307693, ":101_2": 0, ":101_3": 0, ":102_0": 82.7445652173913, ":102_3": 85.41346153846153, ":103_0": 0, ":103_2": 95.60986547085201, ":105_0": 0, ":106_0": 0, ":107_0": 0, ":108_0": 0, ":108_2": 0, ":109_0": 0, ":109_2": 0, ":10_0": 0.2, ":10_2": 0, ":10_5": 0, ":10_6": 94.55050505050505, ":110_0": 0, ":111_0": 0, ":111_2": 0, ":111_4": 0.2, ":111_5": 0, ":111_7": 0, ":111_8": 0, ":112_0": 0, ":112_2": 0, ":113_0": 94.81132075471699, ":113_2": 95.17391304347827, ":114_0": 0, ":114_2": 90.41921397379913, ":115_0": 0, ":115_2": 0, ":116_0": 0, ":116_2": 90.16438356164383, ":117_0": 102.57407407407408, ":117_2": 98.3013698630137, ":118_0": 0, ":118_2": 0, ":119_0": 0, ":119_2": 0, ":119_4": 0, ":119_5": 106.54504504504504, ":11_0": 0, ":120_0": 0, ":120_2": 0, ":120_4": 0, ":120_5": 0, ":122_0": 0, ":122_2": 0, ":123_0": 0, ":124_0": 0, ":124_3": 0, ":125_0": 0, ":125_3": 81.48325358851675, ":127_0": 1.03125, ":127_3": 0.16455696202531644, ":128_0": 0, ":128_3": 0.1875, ":129_0": 21.497607655502392, ":129_3": 0.014084507042253521, ":12_0": 0, ":12_2": 0, ":12_5": 0, ":130_0": 0, ":131_0": 0, ":132_0": 24.07894736842105, ":132_3": 8.716049382716049, ":13_0": 0, ":13_2": 10.878787878787879, ":13_3": 0, ":13_5": 2.3333333333333335, ":14_0": 0, ":14_2": 0, ":14_4": 0, ":14_5": 0, ":15_0": 0, ":16_0": 0, ":16_10": 0, ":16_11": 0.2, ":16_12": 0, ":16_14": 0, ":16_15": 0, ":16_16": 0, ":16_17": 0, ":16_2": 0, ":16_3": 0, ":16_4": 0, ":16_6": 0, ":16_7": 0, ":16_8": 0, ":17_0": 0, ":17_2": 0, ":18_0": 0, ":18_2": 0, ":18_3": 94.4916067146283, ":18_5": 0, ":18_7": 0, ":19_0": 0, ":19_2": 0, ":19_3": 0, ":19_5": 0, ":19_6": 0, ":19_8": 0, ":19_9": 0, ":1_0": 0, ":1_2": 0, ":1_3": 11.756756756756756, ":1_5": 0, ":1_6": 0, ":20_0": 0, ":20_2": 0, ":20_4": 0, ":20_6": 0, ":21_0": 0, ":22_0": 0, ":22_2": 0, ":22_3": 0, ":22_5": 92.66323907455013, ":22_7": 0, ":23_0": 3.3529411764705883, ":23_2": 0, ":23_4": 0, ":23_5": 0, ":23_6": 90.22613065326634, ":24_0": 0, ":24_2": 0, ":24_3": 0, ":24_5": 0, ":24_6": 0, ":25_0": 0, ":25_2": 6.806451612903226, ":25_3": 0, ":26_0": 0, ":26_2": 0, ":26_5": 0, ":27_0": 0, ":27_1": 87.29439252336448, ":27_2": 0, ":27_4": 0, ":27_5": 0, ":27_6": 0, ":28_0": 0, ":29_0": 0, ":29_2": 0, ":29_3": 0, ":29_5": 0, ":29_6": 0, ":30_0": 0, ":31_0": 0, ":31_2": 0, ":32_0": 0, ":32_3": 0, ":32_4": 0, ":33_0": 0, ":33_2": 0, ":33_4": 0, ":34_0": 0, ":34_10": 0, ":34_11": 0, ":34_2": 0, ":34_3": 0, ":34_5": 0, ":34_6": 0, ":34_8": 0,