{"-1390": 0, "-1391": 2359.51467087554, "-1392": 0, "-1393": 0, "-1394": 2543.68835553472, "-1395": 0, "-1396": 0, "-1397": 0, "-1398": 0, "-1399": 0, "-1400": 0, "-1401": 0, "-1402": 0, "-1403": 0, "-1404": 2281.4453022511393, "-1405": 0, "-1406": 0, "-1407": 0, "-1408": 2553.462795374572, "-1409": 3623.369441082829, "-1410": 3875.704699279218, "-1411": 0, "-1412": 0, "-1413": 2138.220209459462, "-1414": 3312.0589482527034, "-1415": 3554.3620601000207, "-1416": 0, "-1417": 2534.285322655724, "-1418": 0, "-1419": 4034.4596655960777, "-1420": 0, "-1421": 2169.5134682033245, "-1422": 0, "-1423": 0, "-1424": 2372.3773294914113, "-1425": 2612.2982791106497, "-1426": 0, "-1427": 2388.4145211420705, "-1427.662": 2766.956192723192, "-1427.696": 2220.1230033913885, "-1428": 2861.48375404687, "-1430": 0, "-1431": 0, "-1432": 0, "-1433": 2520.6527903515803, "-1434": 2624.722222222222, "-1435": 2548.068862409008, "-1436": 0, "-1437": 2180.41558244625, "-1438": 0, "-1439": 2624.722222222222, "-1440": 0, "-1441": 0, "-1442": 0, "-1443": 0, "-1444": 1835.6078966292769, "-1445": 1506.8838929280903, "-1446": 0, "-1447": 2448.716251445642, "-1448": 0, "-1449": 0, "-1450": 0, "-1451": 0, "-1452": 2361.8200813714643, "-1455": 782.144453263961, "-1456": 2864.6553224950376, "-1457": 0, "-1458": 0, "-1459": 0, "-1460": 0, "-1461": 2015.328503511071, "-1462": 2336.5495965340506, "-1463": 0, "-1464": 2587.0878731853736, "-1465": 2225.3058258885444, "-1466": 5188.726640258855, "-1467": 2461.579352429853, "-1468": 0, "-1470": 0, "-1471": 2086.307228708558, "-1472": 2468.6683794099886, "-1473": 3543.0190411710105, "-1474": 7513.977539518243, "-1476": 2831.5581663082685, "-1477": 1906.2589695492318, "-1478": 0, "-1479": 0, "-1480": 0, "-1481": 0, "-1482": 2624.722222222222, "-1483": 1722.9063649514023, "-1485": 1836.4824790696493, "-1486": 2532.0458112704723, "-1487": 2441.198110126376, "-1488": 1312.361111111111, "-1489": 0, "-1490": 2507.19432858511, "-1491": 2624.722222222222, "-1492": 2675.228176113475, "-1493": 2472.6955217276795, "-1494": 2624.722222222222, "-1495": 2728.726355960644, "-1496": 1749.8148148148148, "-1497": 2310.9171753384885, "-1498": 2624.722222222222, "-1499": 0, "-1500": 1251.8389473559846, "-1501": 1511.422523761764, "-1502": 2624.722222222222, "-1504": 2414.119272587875, "-1505": 2624.722222222222, "-1506": 2439.6310035140637, "-1507": 2728.720469497101, "-1508": 3926.108910469107, "-1509": 2309.4705914640285, "-1510": 2502.0715883538687, "-1511": 2561.015372168296, "-1512": 1310.8112456735862, "-1513": 2500.4282129601347, "-1515": 4204.07604897697, "-1516": 3215.543330281752, "-1517": 2486.117391748384, "-1518": 2354.1565893716597, "-1519": 2110.1667801415765, "-1520": 4489.409952169933, "-1521": 2624.7222222222204, "-1522": 2735.183412752542, "-1523": 1863.5508767221822, "-1524": 2543.357536464646, "-1525": 4103.2363216677995, "-1526": 0, "-1527": 1967.7665784861701, "-1528": 0, "-1529": 2634.143220771141, "-1530": 3399.343319549536, "-1531": 3588.587889620051, "-1532": 2738.607157128335, "-1533": 2218.5919473674835, "-1534": 2583.5130465587044, "-1535": 2324.2104821675525, "-1536": 2349.797029623362, "-1537": 2531.6988307117763, "-1538": 4635.057114985092, "-1539": 2520.4713898027767, "-1540": 2406.494284560579, "-1541": 2624.7222222222213, "-1542": 2624.722222222222, "-1543": 5067.787361275294, "-1544": 2494.1939619598306, "-1545": 2561.600928086121, "-1546": 2527.7183654584232, "-1547": 2691.6539376399915, "-1548": 2486.3963606457933, "-1549": 2145.4441913096343, "-1550": 2021.4544758216366, "-1551": 2423.8921741335216, "-1552": 2409.215671006728, "-1553": 2686.6995701432247, "-1554": 2818.6600769010156, "-1555": 2505.4235080425947, "-1556": 4601.619837768252, "-1557": 3293.3774084065694, "-1558": 2546.1091182506475, "-1559": 0, "-1560": 2537.7822246385963, "-1561": 2624.722222222222, "-1562": 2624.722222222222, "-1563": 2508.7745563718554, "-1564": 2221.4998939070965, "-1566": 3097.4227259209424, "-1567": 2479.251019051316, "-1568": 2410.90174745958, "-1569": 4152.61192698481, "-1570": 2449.560601192269, "-1571": 2446.8428826839545, "-1572": 2519.394351547607, "-1573": 3294.422494305479, "-1574": 2508.2637682528475, "-1575": 1673.9223319962657, "-1576": 1650.6292470671638, "-1577": 5416.428424633431, "-1578": 2552.811962190309, "-1579": 4091.769245535095, "-1580": 4963.371970268155, "-1581": 2370.4650819527933, "-1583": 2624.722222222222, "-1584": 2410.262409430566, "-1585": 2468.1035087520645, "-1586": 0, "-1587": 2543.0826023537634, "-1588": 0, "-1589": 2543.924077517637, "-1591": 1991.6369653358754, "-1592": 2932.688286838349, "-1593": 3203.5844146575573, "-1594": 2538.463745435588, "-1595": 3296.5126405023116, "-1596": 3014.91705058016, "-1597": 5071.985947767378, "-1598": 2306.0556394777486, "-1599": 1933.8735519147833, "-1600": 2521.9408335979206, "-1601": 2337.397339348062, "-1602": 2448.2185176493126, "-1603": 2624.722222222222, "-1604": 2422.1021902351204, "-1605": 2486.305620841783, "-1606": 2601.735566325589, "-1607": 1960.9607311040138, "-1608": 0, "-1608.38": 0, "-1609": 2450.8686517896617, "-1610": 2593.368437429378, "-1612": 2432.5114269586875, "-1613": 2388.414526243366, "-1614": 2324.4401566525567, "-1615": 2523.236091093624, "-1616": 2004.5892919149624, "-1617": 2837.288367517984, "-1618": 2583.933927038339, "-1619": 2533.2125613971775, "-1621": 2624.722222222222, "-1622": 2339.017990459961, "-1623": 2465.379833219934, "-1623.244": 2187.528398471043, "-1624": 2331.1184582444744, "-1625": 2585.846823253326, "-1626": 2488.326030208665, "-1627": 2161.018423918324, "-1628": 4576.680369704057, "-1629": 2294.3960860886673, "-1630": 2267.407948677185, "-1631": 2174.0066739468284, "-1632": 2449.695062951404, "-1633": 1898.8377618502784, "-1634": 1771.5382106880322, "-1635": 2665.7817012426995, "-1636": 2815.4309578033262, "-1637": 2258.7742364966653, "-1638": 2615.624833765095, "-1639": 0, "-1640": 5237.252120585257, "-1641": 0, "-1642": 2083.086273624931, "-1643": 4127.064416221262, "-1644": 3234.1029422494435, "-1645": 3650.5119656761535, "-1646": 2486.1118144735196, "-1647": 2624.722222222222, "-1648": 2624.722222222222, "-1649": 2624.722222222222, "-1650": 2850.667292420705, "-1651": 2933.338142869772, "-1652": 3369.949842431678, "-1653": 1942.599859732883, "-1654": 2959.1674348808797, "-1655": 2336.5428126210727, "-1656": 2407.754070889793, "-1657": 1940.9888988916107, "-1658": 3053.6967795041223, "-1661": 1714.8239683894983, "-1662": 1788.315188447573, "-1663": 2515.691899361731, "-1664": 2519.634262916291, "-1665": 2590.236390093127, "-1666": 2559.4046546819377, "-1667": 2624.722222222222, "1427": 1863.2406657879362, "1427.662": 3581.3645596421106, ":100_0": 965.7036755747162, ":100_3": 2080.658980310758, ":101_0": 0, ":101_1": 2721.5031711045913, ":101_2": 0, ":101_3": 2495.4270189333283, ":102_0": 2435.286930039588, ":102_3": 2533.0121423867504, ":103_0": 0, ":103_2": 2458.428179286063, ":105_0": 0, ":106_0": 0, ":107_0": 0, ":108_0": 2261.359930404027, ":108_2": 3397.88827726449, ":109_0": 4300.447405758664, ":109_2": 0, ":10_0": 2228.243119675454, ":10_2": 3414.7910892908226, ":10_5": 0, ":10_6": 2509.5298171579284, ":110_0": 0, ":111_0": 1356.9227646991467, ":111_2": 4625.705586411382, ":111_4": 2092.554077777566, ":111_5": 0, ":111_7": 0, ":111_8": 2372.2524698519373, ":112_0": 2308.480332220581, ":112_2": 3558.554004777879, ":113_0": 2496.1579515682106, ":113_2": 2492.787186826208, ":114_0": 0, ":114_2": 2432.6586375051384, ":115_0": 0, ":115_2": 4014.5265222097332, ":116_0": 0, ":116_2": 2413.976294553454, ":117_0": 2553.6526561704554, ":117_2": 2537.724564615709, ":118_0": 0, ":118_2": 0, ":119_0": 3538.8552758604246, ":119_2": 0, ":119_4": 0, ":119_5": 2528.175371154079, ":11_0": 2896.9826831565438, ":120_0": 0, ":120_2": 0, ":120_4": 0, ":120_5": 0, ":122_0": 0, ":122_2": 0, ":123_0": 5183.14864776204, ":124_0": 3594.650996117655, ":124_3": 3469.204246831878, ":125_0": 3800.350471218711, ":125_3": 2430.918267731205,