{"-1390": 0, "-1391": 1.0143163544652198, "-1392": 0, "-1393": 0, "-1394": 1.0934868501701471, "-1395": 0, "-1396": 0, "-1397": 0, "-1398": 0, "-1399": 0, "-1400": 0, "-1401": 0, "-1402": 0, "-1403": 0, "-1404": 0.9807552940027117, "-1405": 0, "-1406": 0, "-1407": 0, "-1408": 1.0976983923709809, "-1409": 1.5575367569777498, "-1410": 1.666034910098219, "-1411": 0, "-1412": 0, "-1413": 0.9191701704159086, "-1414": 1.4237581122978158, "-1415": 1.5278775396826487, "-1416": 0, "-1417": 1.0893874025519639, "-1418": 0, "-1419": 1.7342509998812197, "-1420": 0, "-1421": 0.9325949702251959, "-1422": 0, "-1423": 0, "-1424": 1.0198451786188716, "-1425": 1.1229604148634738, "-1426": 0, "-1427": 1.0266777181588564, "-1427.662": 1.1894045262584423, "-1427.696": 0.954388116035574, "-1428": 1.230047244841714, "-1430": 0, "-1431": 0, "-1432": 0, "-1433": 1.083590688104941, "-1434": 1.1283318358790055, "-1435": 1.0953780980199033, "-1436": 0, "-1437": 0.9373131087821257, "-1438": 0, "-1439": 1.1283318358790055, "-1440": 0, "-1441": 0, "-1442": 0, "-1443": 0, "-1444": 0.7890878566481131, "-1445": 0.6477816538517241, "-1446": 0, "-1447": 1.0526680985394123, "-1448": 0, "-1449": 0, "-1450": 0, "-1451": 0, "-1452": 1.0152491882871708, "-1455": 0.3362322062357487, "-1456": 1.23145516644439, "-1457": 0, "-1458": 0, "-1459": 0, "-1460": 0, "-1461": 0.8663241432746243, "-1462": 1.0044014017924043, "-1463": 0, "-1464": 1.1120847074058193, "-1465": 0.9565696591211749, "-1466": 2.230418690227139, "-1467": 1.0581845205832496, "-1468": 0, "-1470": 0, "-1471": 0.8968637056903843, "-1472": 1.0612329460593615, "-1473": 1.5229997429386284, "-1474": 3.229912958438036, "-1476": 1.2171680144798491, "-1477": 0.8194589423642363, "-1478": 0, "-1479": 0, "-1480": 0, "-1481": 0, "-1482": 1.1283318358790055, "-1483": 0.7406512186212802, "-1485": 0.7894733385915473, "-1486": 1.0884801006766869, "-1487": 1.0494045321091743, "-1488": 0.5641659179395028, "-1489": 0, "-1490": 1.077808153655014, "-1491": 1.1283318358790055, "-1492": 1.1500300898889275, "-1493": 1.0629774573328576, "-1494": 1.1283318358790055, "-1495": 1.1730354396931948, "-1496": 0.752221223919337, "-1497": 0.9934312497211437, "-1498": 1.1283318358790055, "-1499": 0, "-1500": 0.5381256692779359, "-1501": 0.6497193064920148, "-1502": 1.1283318358790055, "-1504": 1.0377925208785768, "-1505": 1.1283318358790055, "-1506": 1.0487547196816498, "-1507": 1.1729635867120451, "-1508": 1.687686272348402, "-1509": 0.9927431538838495, "-1510": 1.0756060221849606, "-1511": 1.1009451408334012, "-1512": 0.5634993887345536, "-1513": 1.0748956457789516, "-1515": 1.807147152624476, "-1516": 1.382286927642029, "-1517": 1.0687446841065855, "-1518": 1.01201801495056, "-1519": 0.9071306096043386, "-1520": 1.9298148504265105, "-1521": 1.128331835879005, "-1522": 1.1757387827630763, "-1523": 0.8010775232141519, "-1524": 1.0933542747569196, "-1525": 1.7638196852681944, "-1526": 0, "-1527": 0.8458812294042856, "-1528": 0, "-1529": 1.1323642591004728, "-1530": 1.4612404756461306, "-1531": 1.5425917397635245, "-1532": 1.1772487219059156, "-1533": 0.9531220146587654, "-1534": 1.1106062498100107, "-1535": 0.9991205069246835, "-1536": 1.010143957612446, "-1537": 1.0883402872871433, "-1538": 1.9924348131255105, "-1539": 1.0835158072833333, "-1540": 1.0345160382576881, "-1541": 1.1283318358790058, "-1542": 1.1283318358790055, "-1543": 2.1784435868265906, "-1544": 1.072216997032153, "-1545": 1.1011881711364042, "-1546": 1.0865842930041747, "-1547": 1.1570921794618287, "-1548": 1.06886459914697, "-1549": 0.9222772440459129, "-1550": 0.8689679573946382, "-1551": 1.0419931247856133, "-1552": 1.0356880226352208, "-1553": 1.154950914928109, "-1554": 1.2116247460176146, "-1555": 1.077043522961431, "-1556": 1.9780541360534118, "-1557": 1.4156892544912698, "-1558": 1.094536990415386, "-1559": 0, "-1560": 1.0909502331726293, "-1561": 1.1283318358790058, "-1562": 1.1283318358790055, "-1563": 1.078487174602924, "-1564": 0.9549323442915864, "-1566": 1.3314576472735293, "-1567": 1.0657922808464753, "-1568": 1.036347460089932, "-1569": 1.7850310744071376, "-1570": 1.0529938554760176, "-1571": 1.051860763768639, "-1572": 1.0830508664070086, "-1573": 1.416126040959324, "-1574": 1.0781964120818122, "-1575": 0.7195863974517566, "-1576": 0.7095700293453525, "-1577": 2.328290555171832, "-1578": 1.0974186081719124, "-1579": 1.7588864791695258, "-1580": 2.1335528220228723, "-1581": 1.0190162147104334, "-1583": 1.1283318358790055, "-1584": 1.0361374622814368, "-1585": 1.0609368171063918, "-1586": 0, "-1587": 1.0932354004761535, "-1588": 0, "-1589": 1.0935964156096873, "-1591": 0.8561732537286321, "-1592": 1.2606659595806318, "-1593": 1.377086526182564, "-1594": 1.0912505079393224, "-1595": 1.417063701810625, "-1596": 1.295987551305818, "-1597": 2.1802373607068883, "-1598": 0.9913083865719345, "-1599": 0.8313314379312796, "-1600": 1.0840954081505294, "-1601": 1.0048146436383392, "-1602": 1.0524478226226497, "-1603": 1.1283318358790055, "-1604": 1.0412277825391292, "-1605": 1.0688278616426747, "-1606": 1.11843302277836, "-1607": 0.8429463204263562, "-1608": 0, "-1608.38": 0, "-1609": 1.0535864268432675, "-1610": 1.114836215883049, "-1612": 1.0456962744143625, "-1613": 1.026742977902759, "-1614": 0.999241521487602, "-1615": 1.084700954222634, "-1616": 0.861704918643875, "-1617": 1.219629545824517, "-1618": 1.110736186280123, "-1619": 1.0889913085328036, "-1621": 1.1283318358790055, "-1622": 1.0055023966311205, "-1623": 1.0598038146924476, "-1623.244": 0.9403864494197017, "-1624": 1.0020653765767427, "-1625": 1.1115777179225346, "-1626": 1.069691455533371, "-1627": 0.9289739785479754, "-1628": 1.9673263523497022, "-1629": 0.9863149902148048, "-1630": 0.9747254980960556, "-1631": 0.9345430855429404, "-1632": 1.053045632528852, "-1633": 0.8162641880572405, "-1634": 0.7615292332750438, "-1635": 1.1459623915940846, "-1636": 1.2102601682427612, "-1637": 0.971006370711668, "-1638": 1.1243642858839704, "-1639": 0, "-1640": 2.2512692115932995, "-1641": 0, "-1642": 0.8954693797656618, "-1643": 1.774042342140879, "-1644": 1.390219366495576, "-1645": 1.5692274148083993, "-1646": 1.0687405866913104, "-1647": 1.1283318358790055, "-1648": 1.1283318358790055, "-1649": 1.1283318358790055, "-1650": 1.2253883299292645, "-1651": 1.2609182325303439, "-1652": 1.448657831074247, "-1653": 0.8350709918988743, "-1654": 1.2720873332905696, "-1655": 1.0044335324905886, "-1656": 1.0350217556497792, "-1657": 0.8343949839852389, "-1658": 1.3126736362802423, "-1661": 0.7371504270049771, "-1662": 0.7687409638132374, "-1663": 1.0814558828484133, "-1664": 1.0831557982389888, "-1665": 1.1135054388963581, "-1666": 1.1002518403499282, "-1667": 1.1283318358790055, "1427": 0.8009511258633641, "1427.662": 1.539500704643958, ":100_0": 0.41512705296237495, ":100_3": 0.8944188722632078, ":101_0": 0, ":101_1": 1.169878249858266, ":101_2": 0, ":101_3": 1.0726866317172914, ":102_0": 1.0468954801638417, ":102_3": 1.0889027521538557, ":103_0": 0, ":103_2": 1.0568423447148843, ":105_0": 0, ":106_0": 0, ":107_0": 0, ":108_0": 0.9720832353639428, ":108_2": 1.460659324356483, ":109_0": 1.8485817965973588, ":109_2": 0, ":10_0": 0.957852257523594, ":10_2": 1.4678786631828127, ":10_5": 0, ":10_6": 1.078811982310564, ":110_0": 0, ":111_0": 0.5832830838652134, ":111_2": 1.9884142769644138, ":111_4": 0.8995147292604818, ":111_5": 0, ":111_7": 0, ":111_8": 1.019755656383302, ":112_0": 0.9923388603131656, ":112_2": 1.5297213631287812, ":113_0": 1.0730608282422915, ":113_2": 1.07161298188088, ":114_0": 0, ":114_2": 1.045762759428917, ":115_0": 0, ":115_2": 1.7257088892733776, ":116_0": 0, ":116_2": 1.0377347127693077, ":117_0": 1.0977786453145821, ":117_2": 1.0909303948121685, ":118_0": 0, ":118_2": 0, ":119_0": 1.5212560296353734, ":119_2": 0, ":119_4": 0, ":119_5": 1.086826588472961, ":11_0": 1.2453427477344048, ":120_0": 0, ":120_2": 0, ":120_4": 0, ":120_5": 0, ":122_0": 0, ":122_2": 0, ":123_0": 2.2279896973215028, ":124_0": 1.5452194594879929,